pid,pname,cid
1,Zadoc Media Research,4
2,Washington Park District,8
3,New Media Staffing,1
4,Icarus Media Design,6
5,Bob And Rays Road Trip Page,4
6,LynnGregory,10
7,Flavorpill Productions,3
8,Ceres Press,7
9,Multi Media Dental Systems,9
10,The Knitting Gallery,3
11,Zelmer Media,5
12,Rose Gault,3
13,Sopris West Educational Svc,1
14,Heron Press,9
15,Transparent Patient Technologies,5
16,Midnight Marquee Press,3
17,Bcubed New Media,7
18,One Press,10
19,Impact Promotional Publishing,9
20,Media Solutions,10
21,Francesco Mainolfi,10
22,Yellow Book USA,9
23,Crossfield Music,2
24,Schroff Development Corp,4
25,Keller Williams Central,3